{"q1_loss": 2.288792165927589e-05, "_timestamp": 1712806111.6294708, "_runtime": 2065.8490028381348, "_step": 40003, "q2_loss": 1.3576240539550781, "q3_loss": 0.1607290357351303, "q0_loss": 1.3672116994857788, "_wandb": {"runtime": 2066}}