{"q1_loss": 0.036853060126304626, "_timestamp": 1712808487.235392, "_runtime": 2368.647530078888, "_step": 40003, "q2_loss": 0.008870953693985939, "q3_loss": 1.0531702041625977, "q0_loss": 0.578763484954834, "_wandb": {"runtime": 2369}}