{"q1_loss": 1.4684224128723145, "_timestamp": 1712695024.956769, "_runtime": 4496.581405878067, "_step": 40003, "q2_loss": 0.0003420721332076937, "q3_loss": 0.00020180096908006817, "q0_loss": 0.0001232548092957586, "_wandb": {"runtime": 4498}}