{"q1_loss": 1.4190034866333008, "_timestamp": 1712830567.7661083, "_runtime": 3891.4541823863983, "_step": 40003, "q2_loss": 0.029452405869960785, "q3_loss": 0.9310572743415833, "q0_loss": 0.006732991896569729, "_wandb": {"runtime": 3892}}