{"q1_loss": 0.004787767305970192, "_timestamp": 1712788443.2194617, "_runtime": 7097.924596786499, "_step": 40003, "q2_loss": 1.43839693069458, "q3_loss": 0.5329711437225342, "q0_loss": 1.3753101825714111, "_wandb": {"runtime": 7100}}