{"q1_loss": 0.04993421211838722, "_timestamp": 1712812992.6741195, "_runtime": 4497.246184587479, "_step": 40003, "q2_loss": 0.23582732677459717, "q3_loss": 1.9596585035324097, "q0_loss": 1.601958990097046, "_wandb": {"runtime": 4498}}