{"q1": 1.5905746221542358, "_timestamp": 1712683619.1685443, "_runtime": 91.46932339668274, "_step": 88}