{"q1_loss": 0.0010594476480036974, "_timestamp": 1713903911.9529977, "_runtime": 14302.515962600708, "_step": 105643, "q2_loss": 0.28070878982543945, "q3_loss": 1.3376781940460205, "q0_loss": 1.197717547416687}