{"q1_loss": 1.4297537803649902, "_timestamp": 1712846703.4443572, "_runtime": 4497.2506511211395, "_step": 40003, "q2_loss": 1.0490362910786644e-05, "q3_loss": 0.7513915300369263, "q0_loss": 2.4348268508911133, "_wandb": {"runtime": 4498}}