{"q1_loss": 0.0002814135223161429, "_timestamp": 1712793878.1525006, "_runtime": 5425.680641651154, "_step": 40003, "q2_loss": 0.4114132523536682, "q3_loss": 0.016704097390174866, "q0_loss": 0.0018123644404113293, "_wandb": {"runtime": 5427}}