{"q1": 1.3674224615097046, "_timestamp": 1712682783.793842, "_runtime": 163.04858708381653, "_step": 99, "_wandb": {"runtime": 164}}