{"q1_loss": 1.321311593055725, "_timestamp": 1712826666.1652818, "_runtime": 5534.254775762558, "_step": 40003, "q2_loss": 1.2291581630706787, "q3_loss": 1.3298999071121216, "q0_loss": 0.8343058228492737, "_wandb": {"runtime": 5536}}