{"q1_loss": 0.027134384959936142, "_timestamp": 1712799588.3621047, "_runtime": 5700.554555654526, "_step": 40003, "q2_loss": 1.302662968635559, "q3_loss": 4.180325984954834, "q0_loss": 0.016921544447541237, "_wandb": {"runtime": 5702}}