{"q1": 1.3432517051696777, "_timestamp": 1712682903.4225183, "_runtime": 111.12456631660461, "_step": 69, "_wandb": {"runtime": 112}}