{"q1_loss": 1.4183927774429321, "_timestamp": 1712804037.0830507, "_runtime": 2365.0841658115387, "_step": 40003, "q2_loss": 0.9576705694198608, "q3_loss": 1.2892303466796875, "q0_loss": 2.7553822994232178, "_wandb": {"runtime": 2365}}