{"q1_loss": 1.3946861028671265, "_timestamp": 1712837685.0012946, "_runtime": 7098.997931718826, "_step": 40003, "q2_loss": 0.721306324005127, "q3_loss": 1.3485132455825806, "q0_loss": 0.06278309226036072, "_wandb": {"runtime": 7101}}