{"q1_loss": 0.4293655753135681, "_timestamp": 1712815416.7910345, "_runtime": 2412.4009053707123, "_step": 40003, "q2_loss": 0.0020542489364743233, "q3_loss": 0.5773149728775024, "q0_loss": 1.629530906677246, "_wandb": {"runtime": 2413}}