{"q1_loss": 3.365699291229248, "_timestamp": 1712821118.650394, "_runtime": 5691.339395999908, "_step": 40003, "q2_loss": 0.007885280065238476, "q3_loss": 0.053133513778448105, "q0_loss": 1.4373270273208618, "_wandb": {"runtime": 5693}}