{"q1_loss": 0.0005691815749742091, "_timestamp": 1712801665.5489087, "_runtime": 2065.3046996593475, "_step": 40003, "q2_loss": 1.3879090547561646, "q3_loss": 0.0006482883472926915, "q0_loss": 0.03810613602399826, "_wandb": {"runtime": 2066}}