{"q1_loss": 4.207999518257566e-05, "_timestamp": 1712842193.449228, "_runtime": 4496.128113031387, "_step": 40003, "q2_loss": 1.520521640777588, "q3_loss": 1.3947389561508317e-05, "q0_loss": 6.329813186312094e-05, "_wandb": {"runtime": 4497}}