{"q1_loss": 0.004714444745332003, "_timestamp": 1712690518.2556105, "_runtime": 5536.185597419739, "_step": 40003, "q2_loss": 0.008716393262147903, "q3_loss": 1.9351004362106323, "q0_loss": 0.07437620311975479, "_wandb": {"runtime": 5537}}